insert into Bairro values (0,"Santo Cristo");
insert into Bairro values (1,"Gamboa");
insert into Bairro values (2,"Saude");
insert into Bairro values (3,"Centro");
insert into Linha_VLT values (1,"Linha 1","Azul");
insert into Linha_VLT values (2,"Linha 2","Verde");
insert into Linha_VLT values (3,"Linha 3","Amarelo");
insert into Estacao_VLT (ID_Est_VLT,Nome_Est_VLT,ID_Bairro,VLT_Integra_Metro,VLT_Integra_Barca,VLT_Integra_Onibus,VLT_Integra_Trem,VLT_Integra_Teleferico,VLT_Integra_Aeroporto,Flag_VLT_Ativo) values (1,"Gamboa",0,"Nao","Nao","Nao","Nao","Nao","Nao","Sim");
insert into Estacao_VLT (ID_Est_VLT,Nome_Est_VLT,ID_Bairro,VLT_Integra_Metro,VLT_Integra_Barca,VLT_Integra_Onibus,VLT_Integra_Trem,VLT_Integra_Teleferico,VLT_Integra_Aeroporto,Flag_VLT_Ativo) values (2,"Rodoviaria",0,"Nao","Nao","Sim","Nao","Nao","Nao","Sim");
insert into Estacao_VLT (ID_Est_VLT,Nome_Est_VLT,ID_Bairro,VLT_Integra_Metro,VLT_Integra_Barca,VLT_Integra_Onibus,VLT_Integra_Trem,VLT_Integra_Teleferico,VLT_Integra_Aeroporto,Flag_VLT_Ativo) values (3,"Cordeiro da Graca",0,"Nao","Nao","Nao","Nao","Nao","Nao","Sim");
insert into Estacao_VLT (ID_Est_VLT,Nome_Est_VLT,ID_Bairro,VLT_Integra_Metro,VLT_Integra_Barca,VLT_Integra_Onibus,VLT_Integra_Trem,VLT_Integra_Teleferico,VLT_Integra_Aeroporto,Flag_VLT_Ativo) values (4,"Santo Cristo",0,"Nao","Nao","Nao","Nao","Nao","Nao","Sim");
insert into Estacao_VLT (ID_Est_VLT,Nome_Est_VLT,ID_Bairro,VLT_Integra_Metro,VLT_Integra_Barca,VLT_Integra_Onibus,VLT_Integra_Trem,VLT_Integra_Teleferico,VLT_Integra_Aeroporto,Flag_VLT_Ativo) values (5,"Pereira Reis",0,"Nao","Nao","Nao","Nao","Nao","Nao","Sim");
insert into Estacao_VLT (ID_Est_VLT,Nome_Est_VLT,ID_Bairro,VLT_Integra_Metro,VLT_Integra_Barca,VLT_Integra_Onibus,VLT_Integra_Trem,VLT_Integra_Teleferico,VLT_Integra_Aeroporto,Flag_VLT_Ativo) values (6,"Vila Olimpica",0,"Nao","Nao","Nao","Nao","Nao","Nao","Sim");
insert into Estacao_VLT (ID_Est_VLT,Nome_Est_VLT,ID_Bairro,VLT_Integra_Metro,VLT_Integra_Barca,VLT_Integra_Onibus,VLT_Integra_Trem,VLT_Integra_Teleferico,VLT_Integra_Aeroporto,Flag_VLT_Ativo) values (7,"Praia Formosa",0,"Nao","Nao","Sim","Nao","Nao","Nao","Sim");
insert into Estacao_VLT (ID_Est_VLT,Nome_Est_VLT,ID_Bairro,VLT_Integra_Metro,VLT_Integra_Barca,VLT_Integra_Onibus,VLT_Integra_Trem,VLT_Integra_Teleferico,VLT_Integra_Aeroporto,Flag_VLT_Ativo) values (8,"Equador",0,"Nao","Nao","Nao","Nao","Nao","Nao","Sim");
insert into Estacao_VLT (ID_Est_VLT,Nome_Est_VLT,ID_Bairro,VLT_Integra_Metro,VLT_Integra_Barca,VLT_Integra_Onibus,VLT_Integra_Trem,VLT_Integra_Teleferico,VLT_Integra_Aeroporto,Flag_VLT_Ativo) values (9,"Cidade do Samba",0,"Nao","Nao","Nao","Nao","Nao","Nao","Sim");
insert into Estacao_VLT (ID_Est_VLT,Nome_Est_VLT,ID_Bairro,VLT_Integra_Metro,VLT_Integra_Barca,VLT_Integra_Onibus,VLT_Integra_Trem,VLT_Integra_Teleferico,VLT_Integra_Aeroporto,Flag_VLT_Ativo) values (10,"Utopia AquaRio",1,"Nao","Nao","Nao","Nao","Nao","Nao","Sim");
insert into Estacao_VLT (ID_Est_VLT,Nome_Est_VLT,ID_Bairro,VLT_Integra_Metro,VLT_Integra_Barca,VLT_Integra_Onibus,VLT_Integra_Trem,VLT_Integra_Teleferico,VLT_Integra_Aeroporto,Flag_VLT_Ativo) values (12,"Providencia",1,"Nao","Nao","Nao","Nao","Sim","Nao","Sim");
insert into Estacao_VLT (ID_Est_VLT,Nome_Est_VLT,ID_Bairro,VLT_Integra_Metro,VLT_Integra_Barca,VLT_Integra_Onibus,VLT_Integra_Trem,VLT_Integra_Teleferico,VLT_Integra_Aeroporto,Flag_VLT_Ativo) values (13,"Harmonia",1,"Nao","Nao","Nao","Nao","Nao","Nao","Sim");
insert into Estacao_VLT (ID_Est_VLT,Nome_Est_VLT,ID_Bairro,VLT_Integra_Metro,VLT_Integra_Barca,VLT_Integra_Onibus,VLT_Integra_Trem,VLT_Integra_Teleferico,VLT_Integra_Aeroporto,Flag_VLT_Ativo) values (14,"Parada dos Navios",1,"Nao","Nao","Nao","Nao","Nao","Nao","Sim");
insert into Estacao_VLT (ID_Est_VLT,Nome_Est_VLT,ID_Bairro,VLT_Integra_Metro,VLT_Integra_Barca,VLT_Integra_Onibus,VLT_Integra_Trem,VLT_Integra_Teleferico,VLT_Integra_Aeroporto,Flag_VLT_Ativo) values (15,"Parada dos Museus",2,"Nao","Nao","Nao","Nao","Nao","Nao","Sim");
insert into Estacao_VLT (ID_Est_VLT,Nome_Est_VLT,ID_Bairro,VLT_Integra_Metro,VLT_Integra_Barca,VLT_Integra_Onibus,VLT_Integra_Trem,VLT_Integra_Teleferico,VLT_Integra_Aeroporto,Flag_VLT_Ativo) values (16,"Candelaria",3,"Nao","Nao","Nao","Nao","Nao","Nao","Sim");
insert into Estacao_VLT (ID_Est_VLT,Nome_Est_VLT,ID_Bairro,VLT_Integra_Metro,VLT_Integra_Barca,VLT_Integra_Onibus,VLT_Integra_Trem,VLT_Integra_Teleferico,VLT_Integra_Aeroporto,Flag_VLT_Ativo) values (17,"Sete de Setembro",3,"Nao","Nao","Nao","Nao","Nao","Nao","Sim");
insert into Estacao_VLT (ID_Est_VLT,Nome_Est_VLT,ID_Bairro,VLT_Integra_Metro,VLT_Integra_Barca,VLT_Integra_Onibus,VLT_Integra_Trem,VLT_Integra_Teleferico,VLT_Integra_Aeroporto,Flag_VLT_Ativo) values (18,"Cinelandia",3,"Sim","Nao","Nao","Nao","Nao","Nao","Sim");
insert into Estacao_VLT (ID_Est_VLT,Nome_Est_VLT,ID_Bairro,VLT_Integra_Metro,VLT_Integra_Barca,VLT_Integra_Onibus,VLT_Integra_Trem,VLT_Integra_Teleferico,VLT_Integra_Aeroporto,Flag_VLT_Ativo) values (19,"Carioca",3,"Sim","Nao","Nao","Nao","Nao","Nao","Sim");
insert into Estacao_VLT (ID_Est_VLT,Nome_Est_VLT,ID_Bairro,VLT_Integra_Metro,VLT_Integra_Barca,VLT_Integra_Onibus,VLT_Integra_Trem,VLT_Integra_Teleferico,VLT_Integra_Aeroporto,Flag_VLT_Ativo) values (20,"Central",3,"Sim","Nao","Sim","Sim","Sim","Nao","Sim");
insert into Estacao_VLT (ID_Est_VLT,Nome_Est_VLT,ID_Bairro,VLT_Integra_Metro,VLT_Integra_Barca,VLT_Integra_Onibus,VLT_Integra_Trem,VLT_Integra_Teleferico,VLT_Integra_Aeroporto,Flag_VLT_Ativo) values (21,"Saara",3,"Nao","Nao","Nao","Nao","Nao","Nao","Sim");
insert into Estacao_VLT (ID_Est_VLT,Nome_Est_VLT,ID_Bairro,VLT_Integra_Metro,VLT_Integra_Barca,VLT_Integra_Onibus,VLT_Integra_Trem,VLT_Integra_Teleferico,VLT_Integra_Aeroporto,Flag_VLT_Ativo) values (22,"Tiradentes",3,"Nao","Nao","Nao","Nao","Nao","Nao","Sim");
insert into Estacao_VLT (ID_Est_VLT,Nome_Est_VLT,ID_Bairro,VLT_Integra_Metro,VLT_Integra_Barca,VLT_Integra_Onibus,VLT_Integra_Trem,VLT_Integra_Teleferico,VLT_Integra_Aeroporto,Flag_VLT_Ativo) values (23,"Colombo",3,"Nao","Nao","Nao","Nao","Nao","Nao","Sim");
insert into Estacao_VLT (ID_Est_VLT,Nome_Est_VLT,ID_Bairro,VLT_Integra_Metro,VLT_Integra_Barca,VLT_Integra_Onibus,VLT_Integra_Trem,VLT_Integra_Teleferico,VLT_Integra_Aeroporto,Flag_VLT_Ativo) values (24,"Praca XV",3,"Nao","Sim","Nao","Nao","Nao","Nao","Sim");
insert into Estacao_VLT (ID_Est_VLT,Nome_Est_VLT,ID_Bairro,VLT_Integra_Metro,VLT_Integra_Barca,VLT_Integra_Onibus,VLT_Integra_Trem,VLT_Integra_Teleferico,VLT_Integra_Aeroporto,Flag_VLT_Ativo) values (25,"Itamaraty",3,"Nao","Nao","Nao","Nao","Nao","Nao","Sim");
insert into Estacao_VLT (ID_Est_VLT,Nome_Est_VLT,ID_Bairro,VLT_Integra_Metro,VLT_Integra_Barca,VLT_Integra_Onibus,VLT_Integra_Trem,VLT_Integra_Teleferico,VLT_Integra_Aeroporto,Flag_VLT_Ativo) values (26,"Camerino",3,"Nao","Nao","Nao","Nao","Nao","Nao","Sim");
insert into Estacao_VLT (ID_Est_VLT,Nome_Est_VLT,ID_Bairro,VLT_Integra_Metro,VLT_Integra_Barca,VLT_Integra_Onibus,VLT_Integra_Trem,VLT_Integra_Teleferico,VLT_Integra_Aeroporto,Flag_VLT_Ativo) values (27,"Santa Rita",3,"Nao","Nao","Nao","Nao","Nao","Nao","Sim");
insert into Estacao_VLT (ID_Est_VLT,Nome_Est_VLT,ID_Bairro,VLT_Integra_Metro,VLT_Integra_Barca,VLT_Integra_Onibus,VLT_Integra_Trem,VLT_Integra_Teleferico,VLT_Integra_Aeroporto,Flag_VLT_Ativo) values (28,"Santos Dumont",3,"Nao","Nao","Nao","Nao","Nao","Sim","Sim");
insert into Estacao_VLT (ID_Est_VLT,Nome_Est_VLT,ID_Bairro,VLT_Integra_Metro,VLT_Integra_Barca,VLT_Integra_Onibus,VLT_Integra_Trem,VLT_Integra_Teleferico,VLT_Integra_Aeroporto,Flag_VLT_Ativo) values (29,"Antonio Carlos",3,"Nao","Nao","Nao","Nao","Nao","Nao","Sim");
insert into Estacao_VLT (ID_Est_VLT,Nome_Est_VLT,ID_Bairro,VLT_Integra_Metro,VLT_Integra_Barca,VLT_Integra_Onibus,VLT_Integra_Trem,VLT_Integra_Teleferico,VLT_Integra_Aeroporto,Flag_VLT_Ativo) values (30,"Sao Bento",3,"Nao","Nao","Nao","Nao","Nao","Nao","Sim");
insert into Estacao_VLT (ID_Est_VLT,Nome_Est_VLT,ID_Bairro,VLT_Integra_Metro,VLT_Integra_Barca,VLT_Integra_Onibus,VLT_Integra_Trem,VLT_Integra_Teleferico,VLT_Integra_Aeroporto,Flag_VLT_Ativo) values (31,"Sao Diogo",0,"Nao","Nao","Nao","Nao","Nao","Nao","Nao");
insert into Estacao_Linha_VLT values (1,1);
insert into Estacao_Linha_VLT values (1,2);
insert into Estacao_Linha_VLT values (2,1);
insert into Estacao_Linha_VLT values (2,2);
insert into Estacao_Linha_VLT values (3,1);
insert into Estacao_Linha_VLT values (3,2);
insert into Estacao_Linha_VLT values (4,1);
insert into Estacao_Linha_VLT values (4,2);
insert into Estacao_Linha_VLT values (5,1);
insert into Estacao_Linha_VLT values (5,2);
insert into Estacao_Linha_VLT values (6,2);
insert into Estacao_Linha_VLT values (7,1);
insert into Estacao_Linha_VLT values (7,2);
insert into Estacao_Linha_VLT values (8,1);
insert into Estacao_Linha_VLT values (8,2);
insert into Estacao_Linha_VLT values (9,1);
insert into Estacao_Linha_VLT values (10,1);
insert into Estacao_Linha_VLT values (12,1);
insert into Estacao_Linha_VLT values (13,1);
insert into Estacao_Linha_VLT values (14,1);
insert into Estacao_Linha_VLT values (15,1);
insert into Estacao_Linha_VLT values (16,1);
insert into Estacao_Linha_VLT values (16,3);
insert into Estacao_Linha_VLT values (17,1);
insert into Estacao_Linha_VLT values (17,3);
insert into Estacao_Linha_VLT values (18,1);
insert into Estacao_Linha_VLT values (18,3);
insert into Estacao_Linha_VLT values (19,1);
insert into Estacao_Linha_VLT values (19,3);
insert into Estacao_Linha_VLT values (20,2);
insert into Estacao_Linha_VLT values (20,3);
insert into Estacao_Linha_VLT values (21,2);
insert into Estacao_Linha_VLT values (22,2);
insert into Estacao_Linha_VLT values (23,2);
insert into Estacao_Linha_VLT values (24,2);
insert into Estacao_Linha_VLT values (25,3);
insert into Estacao_Linha_VLT values (26,3);
insert into Estacao_Linha_VLT values (27,3);
insert into Estacao_Linha_VLT values (28,1);
insert into Estacao_Linha_VLT values (28,3);
insert into Estacao_Linha_VLT values (29,1);
insert into Estacao_Linha_VLT values (29,3);
insert into Estacao_Linha_VLT values (30,1);
insert into Estacao_Linha_VLT values (31,1);
insert into Estacao_Linha_VLT values (31,2);
insert into Bairro values (4,"Pavuna");
insert into Bairro values (5,"Acari");
insert into Bairro values (6,"Coelho Neto");
insert into Bairro values (7,"Colegio");
insert into Bairro values (8,"Iraja");
insert into Bairro values (9,"Vicente de Carvalho");
insert into Bairro values (10,"Tomas Coelho");
insert into Bairro values (11,"Engenho da Rainha");
insert into Bairro values (12,"Inhauma");
insert into Bairro values (13,"Del Castilho");
insert into Bairro values (14,"Maria da Graca");
insert into Bairro values (15,"Benfica");
insert into Bairro values (16,"Maracana");
insert into Bairro values (17,"Sao Cristovao");
insert into Bairro values (18,"Estacio");
insert into Bairro values (19,"Tijuca");
insert into Bairro values (20,"Gloria");
insert into Bairro values (21,"Catete");
insert into Bairro values (22,"Flamengo");
insert into Bairro values (23,"Botafogo");
insert into Bairro values (24,"Copacabana");
insert into Bairro values (25,"Cidade Nova");
insert into Bairro values (26,"Ipanema");
insert into Bairro values (27,"Leblon");
insert into Bairro values (28,"Sao Conrado");
insert into Bairro values (29,"Barra da Tijuca");
insert into Linha_Metro values (1,"Linha 1","Laranja");
insert into Linha_Metro values (2,"Linha 2","Verde");
insert into Linha_Metro values (4,"Linha 4","Amarelo");
insert into Estacao_Metro (ID_Est_Metro,Nome_Est_metro,ID_Bairro,Flag_Metro_Ativo,Metro_Integra_Trem,Metro_Integra_Onibus,Metro_Integra_BRT,Metro_Integra_VLT,Flag_Metro_Superficie) values (1,"Pavuna",4,"Sim","Sim","Nao","Nao","Nao","Nao");
insert into Estacao_Metro (ID_Est_Metro,Nome_Est_metro,ID_Bairro,Flag_Metro_Ativo,Metro_Integra_Trem,Metro_Integra_Onibus,Metro_Integra_BRT,Metro_Integra_VLT,Flag_Metro_Superficie) values (2,"Engenheiro Rubens Paiva",4,"Sim","Nao","Nao","Nao","Nao","Nao");
insert into Estacao_Metro (ID_Est_Metro,Nome_Est_metro,ID_Bairro,Flag_Metro_Ativo,Metro_Integra_Trem,Metro_Integra_Onibus,Metro_Integra_BRT,Metro_Integra_VLT,Flag_Metro_Superficie) values (3,"Acari / Fazenda Botafogo",5,"Sim","Nao","Nao","Nao","Nao","Nao");
insert into Estacao_Metro (ID_Est_Metro,Nome_Est_metro,ID_Bairro,Flag_Metro_Ativo,Metro_Integra_Trem,Metro_Integra_Onibus,Metro_Integra_BRT,Metro_Integra_VLT,Flag_Metro_Superficie) values (4,"Coelho Neto",6,"Sim","Nao","Nao","Nao","Nao","Nao");
insert into Estacao_Metro (ID_Est_Metro,Nome_Est_metro,ID_Bairro,Flag_Metro_Ativo,Metro_Integra_Trem,Metro_Integra_Onibus,Metro_Integra_BRT,Metro_Integra_VLT,Flag_Metro_Superficie) values (5,"Colegio",7,"Sim","Nao","Nao","Nao","Nao","Nao");
insert into Estacao_Metro (ID_Est_Metro,Nome_Est_metro,ID_Bairro,Flag_Metro_Ativo,Metro_Integra_Trem,Metro_Integra_Onibus,Metro_Integra_BRT,Metro_Integra_VLT,Flag_Metro_Superficie) values (6,"Iraja",8,"Sim","Nao","Nao","Nao","Nao","Nao");
insert into Estacao_Metro (ID_Est_Metro,Nome_Est_metro,ID_Bairro,Flag_Metro_Ativo,Metro_Integra_Trem,Metro_Integra_Onibus,Metro_Integra_BRT,Metro_Integra_VLT,Flag_Metro_Superficie) values (7,"Vicente de Carvalho",9,"Sim","Nao","Nao","Sim","Nao","Nao");
insert into Estacao_Metro (ID_Est_Metro,Nome_Est_metro,ID_Bairro,Flag_Metro_Ativo,Metro_Integra_Trem,Metro_Integra_Onibus,Metro_Integra_BRT,Metro_Integra_VLT,Flag_Metro_Superficie) values (8,"Tomaz Coelho",10,"Sim","Nao","Nao","Nao","Nao","Nao");
insert into Estacao_Metro (ID_Est_Metro,Nome_Est_metro,ID_Bairro,Flag_Metro_Ativo,Metro_Integra_Trem,Metro_Integra_Onibus,Metro_Integra_BRT,Metro_Integra_VLT,Flag_Metro_Superficie) values (9,"Engenho da Rainha",11,"Sim","Nao","Nao","Nao","Nao","Nao");
insert into Estacao_Metro (ID_Est_Metro,Nome_Est_metro,ID_Bairro,Flag_Metro_Ativo,Metro_Integra_Trem,Metro_Integra_Onibus,Metro_Integra_BRT,Metro_Integra_VLT,Flag_Metro_Superficie) values (10,"Inhauma",12,"Sim","Nao","Nao","Nao","Nao","Nao");
insert into Estacao_Metro (ID_Est_Metro,Nome_Est_metro,ID_Bairro,Flag_Metro_Ativo,Metro_Integra_Trem,Metro_Integra_Onibus,Metro_Integra_BRT,Metro_Integra_VLT,Flag_Metro_Superficie) values (11,"Del Castilho",13,"Sim","Nao","Sim","Nao","Nao","Nao");
insert into Estacao_Metro (ID_Est_Metro,Nome_Est_metro,ID_Bairro,Flag_Metro_Ativo,Metro_Integra_Trem,Metro_Integra_Onibus,Metro_Integra_BRT,Metro_Integra_VLT,Flag_Metro_Superficie) values (12,"Maria da Graca",14,"Sim","Nao","Nao","Nao","Nao","Nao");
insert into Estacao_Metro (ID_Est_Metro,Nome_Est_metro,ID_Bairro,Flag_Metro_Ativo,Metro_Integra_Trem,Metro_Integra_Onibus,Metro_Integra_BRT,Metro_Integra_VLT,Flag_Metro_Superficie) values (13,"Triagem",15,"Sim","Sim","Nao","Nao","Nao","Nao");
insert into Estacao_Metro (ID_Est_Metro,Nome_Est_metro,ID_Bairro,Flag_Metro_Ativo,Metro_Integra_Trem,Metro_Integra_Onibus,Metro_Integra_BRT,Metro_Integra_VLT,Flag_Metro_Superficie) values (14,"Maracana",16,"Sim","Sim","Nao","Nao","Nao","Nao");
insert into Estacao_Metro (ID_Est_Metro,Nome_Est_metro,ID_Bairro,Flag_Metro_Ativo,Metro_Integra_Trem,Metro_Integra_Onibus,Metro_Integra_BRT,Metro_Integra_VLT,Flag_Metro_Superficie) values (15,"Sao Cristovao",17,"Sim","Sim","Nao","Nao","Nao","Nao");
insert into Estacao_Metro (ID_Est_Metro,Nome_Est_metro,ID_Bairro,Flag_Metro_Ativo,Metro_Integra_Trem,Metro_Integra_Onibus,Metro_Integra_BRT,Metro_Integra_VLT,Flag_Metro_Superficie) values (16,"Estacio",18,"Sim","Nao","Sim","Nao","Nao","Nao");
insert into Estacao_Metro (ID_Est_Metro,Nome_Est_metro,ID_Bairro,Flag_Metro_Ativo,Metro_Integra_Trem,Metro_Integra_Onibus,Metro_Integra_BRT,Metro_Integra_VLT,Flag_Metro_Superficie) values (17,"Saens Pena",19,"Sim","Nao","Sim","Nao","Nao","Nao");
insert into Estacao_Metro (ID_Est_Metro,Nome_Est_metro,ID_Bairro,Flag_Metro_Ativo,Metro_Integra_Trem,Metro_Integra_Onibus,Metro_Integra_BRT,Metro_Integra_VLT,Flag_Metro_Superficie) values (18,"Sao Francisco Xavier",19,"Sim","Nao","Sim","Nao","Nao","Nao");
insert into Estacao_Metro (ID_Est_Metro,Nome_Est_metro,ID_Bairro,Flag_Metro_Ativo,Metro_Integra_Trem,Metro_Integra_Onibus,Metro_Integra_BRT,Metro_Integra_VLT,Flag_Metro_Superficie) values (19,"Afonso Pena",19,"Sim","Nao","Nao","Nao","Nao","Nao");
insert into Estacao_Metro (ID_Est_Metro,Nome_Est_metro,ID_Bairro,Flag_Metro_Ativo,Metro_Integra_Trem,Metro_Integra_Onibus,Metro_Integra_BRT,Metro_Integra_VLT,Flag_Metro_Superficie) values (20,"Central",3,"Sim","Sim","Nao","Nao","Nao","Nao");
insert into Estacao_Metro (ID_Est_Metro,Nome_Est_metro,ID_Bairro,Flag_Metro_Ativo,Metro_Integra_Trem,Metro_Integra_Onibus,Metro_Integra_BRT,Metro_Integra_VLT,Flag_Metro_Superficie) values (21,"Presidente Vargas",3,"Sim","Nao","Nao","Nao","Nao","Nao");
insert into Estacao_Metro (ID_Est_Metro,Nome_Est_metro,ID_Bairro,Flag_Metro_Ativo,Metro_Integra_Trem,Metro_Integra_Onibus,Metro_Integra_BRT,Metro_Integra_VLT,Flag_Metro_Superficie) values (22,"Uruguaiana",3,"Sim","Nao","Nao","Nao","Nao","Nao");
insert into Estacao_Metro (ID_Est_Metro,Nome_Est_metro,ID_Bairro,Flag_Metro_Ativo,Metro_Integra_Trem,Metro_Integra_Onibus,Metro_Integra_BRT,Metro_Integra_VLT,Flag_Metro_Superficie) values (23,"Carioca",3,"Sim","Nao","Nao","Nao","Sim","Nao");
insert into Estacao_Metro (ID_Est_Metro,Nome_Est_metro,ID_Bairro,Flag_Metro_Ativo,Metro_Integra_Trem,Metro_Integra_Onibus,Metro_Integra_BRT,Metro_Integra_VLT,Flag_Metro_Superficie) values (24,"Cinelandia",3,"Sim","Nao","Nao","Nao","Sim","Nao");
insert into Estacao_Metro (ID_Est_Metro,Nome_Est_metro,ID_Bairro,Flag_Metro_Ativo,Metro_Integra_Trem,Metro_Integra_Onibus,Metro_Integra_BRT,Metro_Integra_VLT,Flag_Metro_Superficie) values (25,"Gloria",20,"Sim","Nao","Nao","Nao","Nao","Nao");
insert into Estacao_Metro (ID_Est_Metro,Nome_Est_metro,ID_Bairro,Flag_Metro_Ativo,Metro_Integra_Trem,Metro_Integra_Onibus,Metro_Integra_BRT,Metro_Integra_VLT,Flag_Metro_Superficie) values (26,"Catete",21,"Sim","Nao","Nao","Nao","Nao","Nao");
insert into Estacao_Metro (ID_Est_Metro,Nome_Est_metro,ID_Bairro,Flag_Metro_Ativo,Metro_Integra_Trem,Metro_Integra_Onibus,Metro_Integra_BRT,Metro_Integra_VLT,Flag_Metro_Superficie) values (27,"Largo do Machado",21,"Sim","Nao","Sim","Nao","Nao","Nao");
insert into Estacao_Metro (ID_Est_Metro,Nome_Est_metro,ID_Bairro,Flag_Metro_Ativo,Metro_Integra_Trem,Metro_Integra_Onibus,Metro_Integra_BRT,Metro_Integra_VLT,Flag_Metro_Superficie) values (28,"Flamengo",22,"Sim","Nao","Nao","Nao","Nao","Nao");
insert into Estacao_Metro (ID_Est_Metro,Nome_Est_metro,ID_Bairro,Flag_Metro_Ativo,Metro_Integra_Trem,Metro_Integra_Onibus,Metro_Integra_BRT,Metro_Integra_VLT,Flag_Metro_Superficie) values (29,"Botafogo",23,"Sim","Nao","Sim","Nao","Nao","Sim");
insert into Estacao_Metro (ID_Est_Metro,Nome_Est_metro,ID_Bairro,Flag_Metro_Ativo,Metro_Integra_Trem,Metro_Integra_Onibus,Metro_Integra_BRT,Metro_Integra_VLT,Flag_Metro_Superficie) values (30,"Cardeal Arcoverde",24,"Sim","Nao","Nao","Nao","Nao","Nao");
insert into Estacao_Metro (ID_Est_Metro,Nome_Est_metro,ID_Bairro,Flag_Metro_Ativo,Metro_Integra_Trem,Metro_Integra_Onibus,Metro_Integra_BRT,Metro_Integra_VLT,Flag_Metro_Superficie) values (31,"Siqueira Campos",24,"Sim","Nao","Nao","Nao","Nao","Nao");
insert into Estacao_Metro (ID_Est_Metro,Nome_Est_metro,ID_Bairro,Flag_Metro_Ativo,Metro_Integra_Trem,Metro_Integra_Onibus,Metro_Integra_BRT,Metro_Integra_VLT,Flag_Metro_Superficie) values (32,"Praca Onze",25,"Sim","Nao","Nao","Nao","Nao","Nao");
insert into Estacao_Metro (ID_Est_Metro,Nome_Est_metro,ID_Bairro,Flag_Metro_Ativo,Metro_Integra_Trem,Metro_Integra_Onibus,Metro_Integra_BRT,Metro_Integra_VLT,Flag_Metro_Superficie) values (33,"Cantagalo",24,"Sim","Nao","Nao","Nao","Nao","Nao");
insert into Estacao_Metro (ID_Est_Metro,Nome_Est_metro,ID_Bairro,Flag_Metro_Ativo,Metro_Integra_Trem,Metro_Integra_Onibus,Metro_Integra_BRT,Metro_Integra_VLT,Flag_Metro_Superficie) values (34,"Cidade Nova",25,"Sim","Nao","Nao","Nao","Nao","Nao");
insert into Estacao_Metro (ID_Est_Metro,Nome_Est_metro,ID_Bairro,Flag_Metro_Ativo,Metro_Integra_Trem,Metro_Integra_Onibus,Metro_Integra_BRT,Metro_Integra_VLT,Flag_Metro_Superficie) values (35,"Ipanema / General Osorio",26,"Sim","Nao","Nao","Nao","Nao","Sim");
insert into Estacao_Metro (ID_Est_Metro,Nome_Est_metro,ID_Bairro,Flag_Metro_Ativo,Metro_Integra_Trem,Metro_Integra_Onibus,Metro_Integra_BRT,Metro_Integra_VLT,Flag_Metro_Superficie) values (36,"Uruguai",19,"Sim","Nao","Nao","Nao","Nao","Nao");
insert into Estacao_Metro (ID_Est_Metro,Nome_Est_metro,ID_Bairro,Flag_Metro_Ativo,Metro_Integra_Trem,Metro_Integra_Onibus,Metro_Integra_BRT,Metro_Integra_VLT,Flag_Metro_Superficie) values (37,"Nossa Senhora da Paz",26,"Sim","Nao","Nao","Nao","Nao","Nao");
insert into Estacao_Metro (ID_Est_Metro,Nome_Est_metro,ID_Bairro,Flag_Metro_Ativo,Metro_Integra_Trem,Metro_Integra_Onibus,Metro_Integra_BRT,Metro_Integra_VLT,Flag_Metro_Superficie) values (38,"Jardim de Alah",27,"Sim","Nao","Nao","Nao","Nao","Nao");
insert into Estacao_Metro (ID_Est_Metro,Nome_Est_metro,ID_Bairro,Flag_Metro_Ativo,Metro_Integra_Trem,Metro_Integra_Onibus,Metro_Integra_BRT,Metro_Integra_VLT,Flag_Metro_Superficie) values (39,"Antero de Quental",27,"Sim","Nao","Nao","Nao","Nao","Nao");
insert into Estacao_Metro (ID_Est_Metro,Nome_Est_metro,ID_Bairro,Flag_Metro_Ativo,Metro_Integra_Trem,Metro_Integra_Onibus,Metro_Integra_BRT,Metro_Integra_VLT,Flag_Metro_Superficie) values (40,"Sao Conrado",28,"Sim","Nao","Nao","Nao","Nao","Nao");
insert into Estacao_Metro (ID_Est_Metro,Nome_Est_metro,ID_Bairro,Flag_Metro_Ativo,Metro_Integra_Trem,Metro_Integra_Onibus,Metro_Integra_BRT,Metro_Integra_VLT,Flag_Metro_Superficie) values (41,"Jardim Oceanico",29,"Sim","Nao","Nao","Sim","Nao","Nao");
insert into Estacao_Linha_Metro values (1,2,"Sim");
insert into Estacao_Linha_Metro values (2,2,"Nao");
insert into Estacao_Linha_Metro values (3,2,"Nao");
insert into Estacao_Linha_Metro values (4,2,"Nao");
insert into Estacao_Linha_Metro values (5,2,"Nao");
insert into Estacao_Linha_Metro values (6,2,"Nao");
insert into Estacao_Linha_Metro values (7,2,"Nao");
insert into Estacao_Linha_Metro values (8,2,"Nao");
insert into Estacao_Linha_Metro values (9,2,"Nao");
insert into Estacao_Linha_Metro values (10,2,"Nao");
insert into Estacao_Linha_Metro values (11,2,"Nao");
insert into Estacao_Linha_Metro values (12,2,"Nao");
insert into Estacao_Linha_Metro values (13,2,"Nao");
insert into Estacao_Linha_Metro values (14,2,"Nao");
insert into Estacao_Linha_Metro values (15,2,"Nao");
insert into Estacao_Linha_Metro values (16,1,"Nao");
insert into Estacao_Linha_Metro values (17,1,"Nao");
insert into Estacao_Linha_Metro values (18,1,"Nao");
insert into Estacao_Linha_Metro values (19,1,"Nao");
insert into Estacao_Linha_Metro values (20,1,"Nao");
insert into Estacao_Linha_Metro values (20,2,"Nao");
insert into Estacao_Linha_Metro values (21,1,"Nao");
insert into Estacao_Linha_Metro values (21,2,"Nao");
insert into Estacao_Linha_Metro values (22,1,"Nao");
insert into Estacao_Linha_Metro values (22,2,"Nao");
insert into Estacao_Linha_Metro values (23,1,"Nao");
insert into Estacao_Linha_Metro values (23,2,"Nao");
insert into Estacao_Linha_Metro values (24,1,"Nao");
insert into Estacao_Linha_Metro values (24,2,"Nao");
insert into Estacao_Linha_Metro values (25,1,"Nao");
insert into Estacao_Linha_Metro values (25,2,"Nao");
insert into Estacao_Linha_Metro values (26,1,"Nao");
insert into Estacao_Linha_Metro values (26,2,"Nao");
insert into Estacao_Linha_Metro values (27,1,"Nao");
insert into Estacao_Linha_Metro values (27,2,"Nao");
insert into Estacao_Linha_Metro values (28,1,"Nao");
insert into Estacao_Linha_Metro values (28,2,"Nao");
insert into Estacao_Linha_Metro values (29,1,"Nao");
insert into Estacao_Linha_Metro values (29,2,"Sim");
insert into Estacao_Linha_Metro values (30,1,"Nao");
insert into Estacao_Linha_Metro values (31,1,"Nao");
insert into Estacao_Linha_Metro values (32,1,"Nao");
insert into Estacao_Linha_Metro values (33,1,"Nao");
insert into Estacao_Linha_Metro values (34,2,"Nao");
insert into Estacao_Linha_Metro values (35,1,"Nao");
insert into Estacao_Linha_Metro values (35,4,"Nao");
insert into Estacao_Linha_Metro values (36,1,"Sim");
insert into Estacao_Linha_Metro values (37,4,"Nao");
insert into Estacao_Linha_Metro values (38,4,"Nao");
insert into Estacao_Linha_Metro values (39,4,"Nao");
insert into Estacao_Linha_Metro values (40,4,"Nao");
insert into Estacao_Linha_Metro values (41,4,"Sim");
insert into Saidas_Metro (ID_Est_Metro,Nome_Saida) values (1,"A - Trens Da Superficie");
insert into Saidas_Metro (ID_Est_Metro,Nome_Saida) values (1,"B - Mercurio");
insert into Saidas_Metro (ID_Est_Metro,Nome_Saida) values (1,"C - Catao");
insert into Saidas_Metro (ID_Est_Metro,Nome_Saida) values (2,"A - Rua Wagner");
insert into Saidas_Metro (ID_Est_Metro,Nome_Saida) values (2,"B - Sao Mamede");
insert into Saidas_Metro (ID_Est_Metro,Nome_Saida) values (3,"A - Estrada Rio D'Ouro");
insert into Saidas_Metro (ID_Est_Metro,Nome_Saida) values (3,"B - Rua Ender");
insert into Saidas_Metro (ID_Est_Metro,Nome_Saida) values (4,"A - Avenida Brasil");
insert into Saidas_Metro (ID_Est_Metro,Nome_Saida) values (4,"B - Praca Virginia Cidade");
insert into Saidas_Metro (ID_Est_Metro,Nome_Saida) values (5,"A - Estrada Do Colegio");
insert into Saidas_Metro (ID_Est_Metro,Nome_Saida) values (5,"B - Estrada Do Barro");
insert into Saidas_Metro (ID_Est_Metro,Nome_Saida) values (6,"A - Avenida Monsenhor");
insert into Saidas_Metro (ID_Est_Metro,Nome_Saida) values (6,"B - Estrada Padre Roser");
insert into Saidas_Metro (ID_Est_Metro,Nome_Saida) values (7,"A - Estacao BRT");
insert into Saidas_Metro (ID_Est_Metro,Nome_Saida) values (7,"B - Largo De Vicente De Carvalho");
insert into Saidas_Metro (ID_Est_Metro,Nome_Saida) values (8,"A - Rua Maraca");
insert into Saidas_Metro (ID_Est_Metro,Nome_Saida) values (8,"B - Avenida Joao Ribeiro");
insert into Saidas_Metro (ID_Est_Metro,Nome_Saida) values (9,"A - Avenida Alvares Da Rocha");
insert into Saidas_Metro (ID_Est_Metro,Nome_Saida) values (9,"B - Estrada Adhemar Bebiano");
insert into Saidas_Metro (ID_Est_Metro,Nome_Saida) values (10,"A - Rua Padre Januario");
insert into Saidas_Metro (ID_Est_Metro,Nome_Saida) values (10,"B - Cemiterio");
insert into Saidas_Metro (ID_Est_Metro,Nome_Saida) values (11,"A - Shopping Nova America");
insert into Saidas_Metro (ID_Est_Metro,Nome_Saida) values (11,"B - Avenida Dom Helder Camara");
insert into Saidas_Metro (ID_Est_Metro,Nome_Saida) values (12,"A - Avenida Dom Helder Camara");
insert into Saidas_Metro (ID_Est_Metro,Nome_Saida) values (12,"B - Rua Conde De Azambuja");
insert into Saidas_Metro (ID_Est_Metro,Nome_Saida) values (13,"A - Rede Ferroviaria");
insert into Saidas_Metro (ID_Est_Metro,Nome_Saida) values (13,"B - Rua Licinio Cardoso");
insert into Saidas_Metro (ID_Est_Metro,Nome_Saida) values (14,"A - Estadio Maracana");
insert into Saidas_Metro (ID_Est_Metro,Nome_Saida) values (14,"B - Trens Da SuperVia");
insert into Saidas_Metro (ID_Est_Metro,Nome_Saida) values (15,"A - Estadio Maracana");
insert into Saidas_Metro (ID_Est_Metro,Nome_Saida) values (15,"B - Trens Da SuperVia");
insert into Saidas_Metro (ID_Est_Metro,Nome_Saida) values (15,"C - Praca Da Bandeira");
insert into Saidas_Metro (ID_Est_Metro,Nome_Saida) values (16,"A - Prefeitura");
insert into Saidas_Metro (ID_Est_Metro,Nome_Saida) values (16,"B - Paulo De Frontim");
insert into Saidas_Metro (ID_Est_Metro,Nome_Saida) values (17,"A - Praca Saens Pena");
insert into Saidas_Metro (ID_Est_Metro,Nome_Saida) values (17,"B - General Roca");
insert into Saidas_Metro (ID_Est_Metro,Nome_Saida) values (17,"C - Doutor Pereira Dos Santos");
insert into Saidas_Metro (ID_Est_Metro,Nome_Saida) values (17,"D - Carlos De Vasconcelos");
insert into Saidas_Metro (ID_Est_Metro,Nome_Saida) values (17,"E - Heitor Beltrao");
insert into Saidas_Metro (ID_Est_Metro,Nome_Saida) values (17,"F - Major Avila");
insert into Saidas_Metro (ID_Est_Metro,Nome_Saida) values (18,"A - Matriz");
insert into Saidas_Metro (ID_Est_Metro,Nome_Saida) values (19,"A - Praca Castilho Franca");
insert into Saidas_Metro (ID_Est_Metro,Nome_Saida) values (19,"B - Doutor Satamini");
insert into Saidas_Metro (ID_Est_Metro,Nome_Saida) values (20,"A - Central Do Brasil");
insert into Saidas_Metro (ID_Est_Metro,Nome_Saida) values (20,"B - Terminal Rodoviario");
insert into Saidas_Metro (ID_Est_Metro,Nome_Saida) values (20,"C - Ministerio Do Exercito");
insert into Saidas_Metro (ID_Est_Metro,Nome_Saida) values (20,"D - Praca Da Republica");
insert into Saidas_Metro (ID_Est_Metro,Nome_Saida) values (21,"A - Marechal Floriano");
insert into Saidas_Metro (ID_Est_Metro,Nome_Saida) values (21,"B - Alfandega");
insert into Saidas_Metro (ID_Est_Metro,Nome_Saida) values (21,"C - Palacio Do Itamaraty");
insert into Saidas_Metro (ID_Est_Metro,Nome_Saida) values (22,"A - Uruguaiana");
insert into Saidas_Metro (ID_Est_Metro,Nome_Saida) values (22,"B - Senhor Dos Passos");
insert into Saidas_Metro (ID_Est_Metro,Nome_Saida) values (22,"C - Alfandega");
insert into Saidas_Metro (ID_Est_Metro,Nome_Saida) values (22,"D - Presidente Vargas");
insert into Saidas_Metro (ID_Est_Metro,Nome_Saida) values (23,"A - Rio Branco");
insert into Saidas_Metro (ID_Est_Metro,Nome_Saida) values (23,"B - Republica Do Chile");
insert into Saidas_Metro (ID_Est_Metro,Nome_Saida) values (23,"C - Convento Do Santo Antonio");
insert into Saidas_Metro (ID_Est_Metro,Nome_Saida) values (24,"A - Theatro Municipal");
insert into Saidas_Metro (ID_Est_Metro,Nome_Saida) values (24,"B - Rio Branco");
insert into Saidas_Metro (ID_Est_Metro,Nome_Saida) values (24,"C - Pedro Lessa");
insert into Saidas_Metro (ID_Est_Metro,Nome_Saida) values (24,"D - Passeio");
insert into Saidas_Metro (ID_Est_Metro,Nome_Saida) values (24,"E - Presidente Wilson");
insert into Saidas_Metro (ID_Est_Metro,Nome_Saida) values (24,"F - Santa Luzia");
insert into Saidas_Metro (ID_Est_Metro,Nome_Saida) values (25,"A - Rua Da Gloria");
insert into Saidas_Metro (ID_Est_Metro,Nome_Saida) values (25,"B - Outeiro Da Gloria");
insert into Saidas_Metro (ID_Est_Metro,Nome_Saida) values (26,"A - Rua Do Catete");
insert into Saidas_Metro (ID_Est_Metro,Nome_Saida) values (26,"B - Palacio Do Catete");
insert into Saidas_Metro (ID_Est_Metro,Nome_Saida) values (26,"C - Rua Silveira Martins");
insert into Saidas_Metro (ID_Est_Metro,Nome_Saida) values (27,"A - Largo Do Machado");
insert into Saidas_Metro (ID_Est_Metro,Nome_Saida) values (27,"B - Catete");
insert into Saidas_Metro (ID_Est_Metro,Nome_Saida) values (28,"A - Marques De Abrantes");
insert into Saidas_Metro (ID_Est_Metro,Nome_Saida) values (28,"B - Praia De Botafogo");
insert into Saidas_Metro (ID_Est_Metro,Nome_Saida) values (29,"A - Sao Clemente Humaita");
insert into Saidas_Metro (ID_Est_Metro,Nome_Saida) values (29,"B - Muniz Barreto");
insert into Saidas_Metro (ID_Est_Metro,Nome_Saida) values (29,"C - Sao Clemente Praia");
insert into Saidas_Metro (ID_Est_Metro,Nome_Saida) values (29,"D - Nelson Mandela");
insert into Saidas_Metro (ID_Est_Metro,Nome_Saida) values (29,"E - Mena Barreto");
insert into Saidas_Metro (ID_Est_Metro,Nome_Saida) values (29,"F - Voluntarios Da Patria");
insert into Saidas_Metro (ID_Est_Metro,Nome_Saida) values (30,"A - Praca Cardeal Arcoverde");
insert into Saidas_Metro (ID_Est_Metro,Nome_Saida) values (30,"B - Rua Tonelero");
insert into Saidas_Metro (ID_Est_Metro,Nome_Saida) values (31,"A - Siqueira Campos");
insert into Saidas_Metro (ID_Est_Metro,Nome_Saida) values (31,"B - Figueiredo Magalhaes");
insert into Saidas_Metro (ID_Est_Metro,Nome_Saida) values (32,"A - Julio Do Carmo");
insert into Saidas_Metro (ID_Est_Metro,Nome_Saida) values (32,"B - Marques De Sapucai");
insert into Saidas_Metro (ID_Est_Metro,Nome_Saida) values (33,"A - Miguel Lemos");
insert into Saidas_Metro (ID_Est_Metro,Nome_Saida) values (33,"B - Xavier Da Silveira");
insert into Saidas_Metro (ID_Est_Metro,Nome_Saida) values (34,"A - Praca Metro");
insert into Saidas_Metro (ID_Est_Metro,Nome_Saida) values (34,"B - Sentido Leopoldina");
insert into Saidas_Metro (ID_Est_Metro,Nome_Saida) values (34,"C - Sentido Praca Da Bandeira");
insert into Saidas_Metro (ID_Est_Metro,Nome_Saida) values (34,"D - Sentido Praca XV Centro");
insert into Saidas_Metro (ID_Est_Metro,Nome_Saida) values (34,"E - Sentido Avenida Rio Branco Centro");
insert into Saidas_Metro (ID_Est_Metro,Nome_Saida) values (34,"F - Prefeitura");
insert into Saidas_Metro (ID_Est_Metro,Nome_Saida) values (35,"A - Praca General Osorio");
insert into Saidas_Metro (ID_Est_Metro,Nome_Saida) values (35,"B - Rua Jangadeiros");
insert into Saidas_Metro (ID_Est_Metro,Nome_Saida) values (35,"C - Complexo Rubem Braga");
insert into Saidas_Metro (ID_Est_Metro,Nome_Saida) values (35,"D - Rua Sa Ferreira");
insert into Saidas_Metro (ID_Est_Metro,Nome_Saida) values (35,"E - Lagoa");
insert into Saidas_Metro (ID_Est_Metro,Nome_Saida) values (36,"A - Rua Itacuruca");
insert into Saidas_Metro (ID_Est_Metro,Nome_Saida) values (36,"B - Rua Uruguai");
insert into Saidas_Metro (ID_Est_Metro,Nome_Saida) values (36,"C - Rua Dona Delfina");
insert into Saidas_Metro (ID_Est_Metro,Nome_Saida) values (36,"D - Rua Jose Higino");
insert into Saidas_Metro (ID_Est_Metro,Nome_Saida) values (36,"E - Rua Conde De Bonfim");
insert into Saidas_Metro (ID_Est_Metro,Nome_Saida) values (37,"A - Joana Angelica");
insert into Saidas_Metro (ID_Est_Metro,Nome_Saida) values (37,"B - Maria Quiteria");
insert into Saidas_Metro (ID_Est_Metro,Nome_Saida) values (38,"A - Borges De Medeiros");
insert into Saidas_Metro (ID_Est_Metro,Nome_Saida) values (38,"B - Almirante Pereira Guimaraes");
insert into Saidas_Metro (ID_Est_Metro,Nome_Saida) values (39,"A - Bartolomeu Mitre");
insert into Saidas_Metro (ID_Est_Metro,Nome_Saida) values (39,"B - General Urquiza");
insert into Saidas_Metro (ID_Est_Metro,Nome_Saida) values (40,"A - Rocinha");
insert into Saidas_Metro (ID_Est_Metro,Nome_Saida) values (40,"B - Aquarela Do Brasil");
insert into Saidas_Metro (ID_Est_Metro,Nome_Saida) values (40,"C - Estrada Da Gavea");
insert into Saidas_Metro (ID_Est_Metro,Nome_Saida) values (41,"A - Lagoa");
insert into Saidas_Metro (ID_Est_Metro,Nome_Saida) values (41,"B - Mar");
insert into Saidas_Metro (ID_Est_Metro,Nome_Saida) values (41,"C - Estacao BRT");
insert into Bairro values (30,"Santa Luzia");
insert into Bairro values (31,"Mare");
insert into Bairro values (32,"Olaria");
insert into Bairro values (33,"Penha");
insert into Bairro values (34,"Vila da Penha");
insert into Bairro values (35,"Vila Kosmos");
insert into Bairro values (36,"Vaz Lobo");
insert into Bairro values (37,"Madureira");
insert into Bairro values (38,"Taquara");
insert into Bairro values (39,"Tanque");
insert into Bairro values (40,"Jacarepagua");
insert into Bairro values (41,"Curicica");
insert into Bairro values (42,"Praca Seca");
insert into Bairro values (43,"Campinho");
insert into Bairro values (44,"Ibiapina");
insert into Bairro values (45,"Fundao");
insert into Bairro values (46,"Galeao");
insert into Bairro values (47,"Santa Cruz");
insert into Bairro values (48,"Paciencia");
insert into Bairro values (49,"Campo Grande");
insert into Bairro values (50,"Inhoaiba");
insert into Bairro values (51,"Cosmos");
insert into Bairro values (52,"Bosque da Barra");
insert into Bairro values (53,"Pedra de Guaratiba");
insert into Bairro values (54,"Jardim Sulacap");
insert into Bairro values (55,"Magalhaes Bastos");
insert into Bairro values (56,"Vila Militar");
insert into Linha_BRT values (1,"TransOeste","Azul");
insert into Linha_BRT values (2,"TransOlimpica","Verde");
insert into Linha_BRT values (3,"TransCarioca","Laranja");
insert into Estacao_BRT (ID_Est_BRT,Nome_Est_BRT,ID_Bairro,Flag_BRT_Ativo,BRT_Integra_Trem,BRT_Integra_Metro,BRT_Integra_Aeroporto) values (1,"Santa Luzia",30,"Sim","Nao","Nao","Nao");
insert into Estacao_BRT (ID_Est_BRT,Nome_Est_BRT,ID_Bairro,Flag_BRT_Ativo,BRT_Integra_Trem,BRT_Integra_Metro,BRT_Integra_Aeroporto) values (2,"Mare",31,"Sim","Nao","Nao","Nao");
insert into Estacao_BRT (ID_Est_BRT,Nome_Est_BRT,ID_Bairro,Flag_BRT_Ativo,BRT_Integra_Trem,BRT_Integra_Metro,BRT_Integra_Aeroporto) values (3,"Cardoso de Moraes - Viuva Garcia",32,"Sim","Nao","Nao","Nao");
insert into Estacao_BRT (ID_Est_BRT,Nome_Est_BRT,ID_Bairro,Flag_BRT_Ativo,BRT_Integra_Trem,BRT_Integra_Metro,BRT_Integra_Aeroporto) values (4,"Penha I",33,"Sim","Nao","Nao","Nao");
insert into Estacao_BRT (ID_Est_BRT,Nome_Est_BRT,ID_Bairro,Flag_BRT_Ativo,BRT_Integra_Trem,BRT_Integra_Metro,BRT_Integra_Aeroporto) values (5,"Penha II",33,"Sim","Nao","Nao","Nao");
insert into Estacao_BRT (ID_Est_BRT,Nome_Est_BRT,ID_Bairro,Flag_BRT_Ativo,BRT_Integra_Trem,BRT_Integra_Metro,BRT_Integra_Aeroporto) values (6,"Pastor Jose Santos",33,"Sim","Nao","Nao","Nao");
insert into Estacao_BRT (ID_Est_BRT,Nome_Est_BRT,ID_Bairro,Flag_BRT_Ativo,BRT_Integra_Trem,BRT_Integra_Metro,BRT_Integra_Aeroporto) values (7,"Guapore",34,"Sim","Nao","Nao","Nao");
insert into Estacao_BRT (ID_Est_BRT,Nome_Est_BRT,ID_Bairro,Flag_BRT_Ativo,BRT_Integra_Trem,BRT_Integra_Metro,BRT_Integra_Aeroporto) values (8,"Praca do Carmo",34,"Sim","Nao","Nao","Nao");
insert into Estacao_BRT (ID_Est_BRT,Nome_Est_BRT,ID_Bairro,Flag_BRT_Ativo,BRT_Integra_Trem,BRT_Integra_Metro,BRT_Integra_Aeroporto) values (9,"Pedro Taques",33,"Sim","Nao","Nao","Nao");
insert into Estacao_BRT (ID_Est_BRT,Nome_Est_BRT,ID_Bairro,Flag_BRT_Ativo,BRT_Integra_Trem,BRT_Integra_Metro,BRT_Integra_Aeroporto) values (10,"Vila Kosmos - Nossa Senhora do Carmo",35,"Sim","Nao","Nao","Nao");
insert into Estacao_BRT (ID_Est_BRT,Nome_Est_BRT,ID_Bairro,Flag_BRT_Ativo,BRT_Integra_Trem,BRT_Integra_Metro,BRT_Integra_Aeroporto) values (11,"Vicente de Carvalho",9,"Sim","Nao","Sim","Nao");
insert into Estacao_BRT (ID_Est_BRT,Nome_Est_BRT,ID_Bairro,Flag_BRT_Ativo,BRT_Integra_Trem,BRT_Integra_Metro,BRT_Integra_Aeroporto) values (12,"Marambaia",9,"Sim","Nao","Nao","Nao");
insert into Estacao_BRT (ID_Est_BRT,Nome_Est_BRT,ID_Bairro,Flag_BRT_Ativo,BRT_Integra_Trem,BRT_Integra_Metro,BRT_Integra_Aeroporto) values (13,"Vaz Lobo",36,"Sim","Nao","Nao","Nao");
insert into Estacao_BRT (ID_Est_BRT,Nome_Est_BRT,ID_Bairro,Flag_BRT_Ativo,BRT_Integra_Trem,BRT_Integra_Metro,BRT_Integra_Aeroporto) values (14,"Vila Queiroz",37,"Sim","Nao","Nao","Nao");
insert into Estacao_BRT (ID_Est_BRT,Nome_Est_BRT,ID_Bairro,Flag_BRT_Ativo,BRT_Integra_Trem,BRT_Integra_Metro,BRT_Integra_Aeroporto) values (15,"Otaviano",37,"Sim","Nao","Nao","Nao");
insert into Estacao_BRT (ID_Est_BRT,Nome_Est_BRT,ID_Bairro,Flag_BRT_Ativo,BRT_Integra_Trem,BRT_Integra_Metro,BRT_Integra_Aeroporto) values (16,"Santa Efigenia",38,"Sim","Nao","Nao","Nao");
insert into Estacao_BRT (ID_Est_BRT,Nome_Est_BRT,ID_Bairro,Flag_BRT_Ativo,BRT_Integra_Trem,BRT_Integra_Metro,BRT_Integra_Aeroporto) values (17,"Divina Providencia",38,"Sim","Nao","Nao","Nao");
insert into Estacao_BRT (ID_Est_BRT,Nome_Est_BRT,ID_Bairro,Flag_BRT_Ativo,BRT_Integra_Trem,BRT_Integra_Metro,BRT_Integra_Aeroporto) values (18,"Merck",38,"Sim","Nao","Nao","Nao");
insert into Estacao_BRT (ID_Est_BRT,Nome_Est_BRT,ID_Bairro,Flag_BRT_Ativo,BRT_Integra_Trem,BRT_Integra_Metro,BRT_Integra_Aeroporto) values (19,"Terminal Bandeira Brasil",38,"Sim","Nao","Nao","Nao");
insert into Estacao_BRT (ID_Est_BRT,Nome_Est_BRT,ID_Bairro,Flag_BRT_Ativo,BRT_Integra_Trem,BRT_Integra_Metro,BRT_Integra_Aeroporto) values (20,"Tanque",39,"Sim","Nao","Nao","Nao");
insert into Estacao_BRT (ID_Est_BRT,Nome_Est_BRT,ID_Bairro,Flag_BRT_Ativo,BRT_Integra_Trem,BRT_Integra_Metro,BRT_Integra_Aeroporto) values (21,"Madureira-Manaceia",37,"Sim","Sim","Nao","Nao");
insert into Estacao_BRT (ID_Est_BRT,Nome_Est_BRT,ID_Bairro,Flag_BRT_Ativo,BRT_Integra_Trem,BRT_Integra_Metro,BRT_Integra_Aeroporto) values (22,"Rio II",29,"Sim","Nao","Nao","Nao");
insert into Estacao_BRT (ID_Est_BRT,Nome_Est_BRT,ID_Bairro,Flag_BRT_Ativo,BRT_Integra_Trem,BRT_Integra_Metro,BRT_Integra_Aeroporto) values (23,"Pedro Correia",40,"Sim","Nao","Nao","Nao");
insert into Estacao_BRT (ID_Est_BRT,Nome_Est_BRT,ID_Bairro,Flag_BRT_Ativo,BRT_Integra_Trem,BRT_Integra_Metro,BRT_Integra_Aeroporto) values (24,"Hospital Sarah",29,"Sim","Nao","Nao","Nao");
insert into Estacao_BRT (ID_Est_BRT,Nome_Est_BRT,ID_Bairro,Flag_BRT_Ativo,BRT_Integra_Trem,BRT_Integra_Metro,BRT_Integra_Aeroporto) values (25,"Centro Metropolitano",29,"Sim","Nao","Nao","Nao");
insert into Estacao_BRT (ID_Est_BRT,Nome_Est_BRT,ID_Bairro,Flag_BRT_Ativo,BRT_Integra_Trem,BRT_Integra_Metro,BRT_Integra_Aeroporto) values (26,"Curicica",41,"Sim","Nao","Nao","Nao");
insert into Estacao_BRT (ID_Est_BRT,Nome_Est_BRT,ID_Bairro,Flag_BRT_Ativo,BRT_Integra_Trem,BRT_Integra_Metro,BRT_Integra_Aeroporto) values (27,"Praca do Bandolim",41,"Sim","Nao","Nao","Nao");
insert into Estacao_BRT (ID_Est_BRT,Nome_Est_BRT,ID_Bairro,Flag_BRT_Ativo,BRT_Integra_Trem,BRT_Integra_Metro,BRT_Integra_Aeroporto) values (28,"Arroio Pavuna",41,"Sim","Nao","Nao","Nao");
insert into Estacao_BRT (ID_Est_BRT,Nome_Est_BRT,ID_Bairro,Flag_BRT_Ativo,BRT_Integra_Trem,BRT_Integra_Metro,BRT_Integra_Aeroporto) values (29,"Vila Sape - IV Centenario",41,"Sim","Nao","Nao","Nao");
insert into Estacao_BRT (ID_Est_BRT,Nome_Est_BRT,ID_Bairro,Flag_BRT_Ativo,BRT_Integra_Trem,BRT_Integra_Metro,BRT_Integra_Aeroporto) values (30,"Recanto das Palmeiras - Jardim Sao Luiz",38,"Sim","Nao","Nao","Nao");
insert into Estacao_BRT (ID_Est_BRT,Nome_Est_BRT,ID_Bairro,Flag_BRT_Ativo,BRT_Integra_Trem,BRT_Integra_Metro,BRT_Integra_Aeroporto) values (31,"Andre Rocha",38,"Sim","Nao","Nao","Nao");
insert into Estacao_BRT (ID_Est_BRT,Nome_Est_BRT,ID_Bairro,Flag_BRT_Ativo,BRT_Integra_Trem,BRT_Integra_Metro,BRT_Integra_Aeroporto) values (32,"Taquara",38,"Sim","Nao","Nao","Nao");
insert into Estacao_BRT (ID_Est_BRT,Nome_Est_BRT,ID_Bairro,Flag_BRT_Ativo,BRT_Integra_Trem,BRT_Integra_Metro,BRT_Integra_Aeroporto) values (33,"Aracy Cabral",38,"Sim","Nao","Nao","Nao");
insert into Estacao_BRT (ID_Est_BRT,Nome_Est_BRT,ID_Bairro,Flag_BRT_Ativo,BRT_Integra_Trem,BRT_Integra_Metro,BRT_Integra_Aeroporto) values (34,"Terminal Mestre Candeia",39,"Sim","Nao","Nao","Nao");
insert into Estacao_BRT (ID_Est_BRT,Nome_Est_BRT,ID_Bairro,Flag_BRT_Ativo,BRT_Integra_Trem,BRT_Integra_Metro,BRT_Integra_Aeroporto) values (35,"Ipase",39,"Sim","Nao","Nao","Nao");
insert into Estacao_BRT (ID_Est_BRT,Nome_Est_BRT,ID_Bairro,Flag_BRT_Ativo,BRT_Integra_Trem,BRT_Integra_Metro,BRT_Integra_Aeroporto) values (36,"Praca Seca",42,"Sim","Nao","Nao","Nao");
insert into Estacao_BRT (ID_Est_BRT,Nome_Est_BRT,ID_Bairro,Flag_BRT_Ativo,BRT_Integra_Trem,BRT_Integra_Metro,BRT_Integra_Aeroporto) values (37,"Capitao Menezes",43,"Sim","Nao","Nao","Nao");
insert into Estacao_BRT (ID_Est_BRT,Nome_Est_BRT,ID_Bairro,Flag_BRT_Ativo,BRT_Integra_Trem,BRT_Integra_Metro,BRT_Integra_Aeroporto) values (38,"Pinto Teles",43,"Sim","Nao","Nao","Nao");
insert into Estacao_BRT (ID_Est_BRT,Nome_Est_BRT,ID_Bairro,Flag_BRT_Ativo,BRT_Integra_Trem,BRT_Integra_Metro,BRT_Integra_Aeroporto) values (39,"Apostolo Samuel Joaquim",43,"Sim","Nao","Nao","Nao");
insert into Estacao_BRT (ID_Est_BRT,Nome_Est_BRT,ID_Bairro,Flag_BRT_Ativo,BRT_Integra_Trem,BRT_Integra_Metro,BRT_Integra_Aeroporto) values (40,"Terminal Paulo da Portela",37,"Sim","Nao","Nao","Nao");
insert into Estacao_BRT (ID_Est_BRT,Nome_Est_BRT,ID_Bairro,Flag_BRT_Ativo,BRT_Integra_Trem,BRT_Integra_Metro,BRT_Integra_Aeroporto) values (41,"Mercadao",37,"Sim","Nao","Nao","Nao");
insert into Estacao_BRT (ID_Est_BRT,Nome_Est_BRT,ID_Bairro,Flag_BRT_Ativo,BRT_Integra_Trem,BRT_Integra_Metro,BRT_Integra_Aeroporto) values (42,"Ibiapina",44,"Sim","Sim","Nao","Nao");
insert into Estacao_BRT (ID_Est_BRT,Nome_Est_BRT,ID_Bairro,Flag_BRT_Ativo,BRT_Integra_Trem,BRT_Integra_Metro,BRT_Integra_Aeroporto) values (43,"Olaria - Cacique de Ramos",32,"Sim","Nao","Nao","Nao");
insert into Estacao_BRT (ID_Est_BRT,Nome_Est_BRT,ID_Bairro,Flag_BRT_Ativo,BRT_Integra_Trem,BRT_Integra_Metro,BRT_Integra_Aeroporto) values (44,"Terminal Fundao - Aroldo Melodia",45,"Sim","Nao","Nao","Nao");
insert into Estacao_BRT (ID_Est_BRT,Nome_Est_BRT,ID_Bairro,Flag_BRT_Ativo,BRT_Integra_Trem,BRT_Integra_Metro,BRT_Integra_Aeroporto) values (45,"Via Parque",29,"Sim","Nao","Nao","Nao");
insert into Estacao_BRT (ID_Est_BRT,Nome_Est_BRT,ID_Bairro,Flag_BRT_Ativo,BRT_Integra_Trem,BRT_Integra_Metro,BRT_Integra_Aeroporto) values (46,"Aeroporto de Jacarepagua",29,"Sim","Nao","Nao","Nao");
insert into Estacao_BRT (ID_Est_BRT,Nome_Est_BRT,ID_Bairro,Flag_BRT_Ativo,BRT_Integra_Trem,BRT_Integra_Metro,BRT_Integra_Aeroporto) values (47,"Lourenco Jorge",29,"Sim","Nao","Nao","Nao");
insert into Estacao_BRT (ID_Est_BRT,Nome_Est_BRT,ID_Bairro,Flag_BRT_Ativo,BRT_Integra_Trem,BRT_Integra_Metro,BRT_Integra_Aeroporto) values (48,"Tom Jobim 1",46,"Sim","Nao","Nao","Sim");
insert into Estacao_BRT (ID_Est_BRT,Nome_Est_BRT,ID_Bairro,Flag_BRT_Ativo,BRT_Integra_Trem,BRT_Integra_Metro,BRT_Integra_Aeroporto) values (49,"Tom Jobim 2",46,"Sim","Nao","Nao","Sim");
insert into Estacao_BRT (ID_Est_BRT,Nome_Est_BRT,ID_Bairro,Flag_BRT_Ativo,BRT_Integra_Trem,BRT_Integra_Metro,BRT_Integra_Aeroporto) values (50,"Terminal Alvorada",29,"Sim","Nao","Nao","Nao");
insert into Estacao_BRT (ID_Est_BRT,Nome_Est_BRT,ID_Bairro,Flag_BRT_Ativo,BRT_Integra_Trem,BRT_Integra_Metro,BRT_Integra_Aeroporto) values (51,"Cesarao II",47,"Sim","Nao","Nao","Nao");
insert into Estacao_BRT (ID_Est_BRT,Nome_Est_BRT,ID_Bairro,Flag_BRT_Ativo,BRT_Integra_Trem,BRT_Integra_Metro,BRT_Integra_Aeroporto) values (52,"Cesarao III",47,"Sim","Nao","Nao","Nao");
insert into Estacao_BRT (ID_Est_BRT,Nome_Est_BRT,ID_Bairro,Flag_BRT_Ativo,BRT_Integra_Trem,BRT_Integra_Metro,BRT_Integra_Aeroporto) values (53,"Vila Paciencia",47,"Sim","Nao","Nao","Nao");
insert into Estacao_BRT (ID_Est_BRT,Nome_Est_BRT,ID_Bairro,Flag_BRT_Ativo,BRT_Integra_Trem,BRT_Integra_Metro,BRT_Integra_Aeroporto) values (54,"Tres Pontes",47,"Sim","Nao","Nao","Nao");
insert into Estacao_BRT (ID_Est_BRT,Nome_Est_BRT,ID_Bairro,Flag_BRT_Ativo,BRT_Integra_Trem,BRT_Integra_Metro,BRT_Integra_Aeroporto) values (55,"Cesarinho",47,"Sim","Nao","Nao","Nao");
insert into Estacao_BRT (ID_Est_BRT,Nome_Est_BRT,ID_Bairro,Flag_BRT_Ativo,BRT_Integra_Trem,BRT_Integra_Metro,BRT_Integra_Aeroporto) values (56,"31 de Outubro",48,"Sim","Nao","Nao","Nao");
insert into Estacao_BRT (ID_Est_BRT,Nome_Est_BRT,ID_Bairro,Flag_BRT_Ativo,BRT_Integra_Trem,BRT_Integra_Metro,BRT_Integra_Aeroporto) values (57,"Santa Eugenia",48,"Sim","Sim","Nao","Nao");
insert into Estacao_BRT (ID_Est_BRT,Nome_Est_BRT,ID_Bairro,Flag_BRT_Ativo,BRT_Integra_Trem,BRT_Integra_Metro,BRT_Integra_Aeroporto) values (58,"Julia Miguel",48,"Sim","Nao","Nao","Nao");
insert into Estacao_BRT (ID_Est_BRT,Nome_Est_BRT,ID_Bairro,Flag_BRT_Ativo,BRT_Integra_Trem,BRT_Integra_Metro,BRT_Integra_Aeroporto) values (59,"Parque Sao Paulo",48,"Sim","Nao","Nao","Nao");
insert into Estacao_BRT (ID_Est_BRT,Nome_Est_BRT,ID_Bairro,Flag_BRT_Ativo,BRT_Integra_Trem,BRT_Integra_Metro,BRT_Integra_Aeroporto) values (60,"Icurana",49,"Sim","Nao","Nao","Nao");
insert into Estacao_BRT (ID_Est_BRT,Nome_Est_BRT,ID_Bairro,Flag_BRT_Ativo,BRT_Integra_Trem,BRT_Integra_Metro,BRT_Integra_Aeroporto) values (61,"Vilar Carioca",50,"Sim","Nao","Nao","Nao");
insert into Estacao_BRT (ID_Est_BRT,Nome_Est_BRT,ID_Bairro,Flag_BRT_Ativo,BRT_Integra_Trem,BRT_Integra_Metro,BRT_Integra_Aeroporto) values (62,"Inhoaiba",49,"Sim","Nao","Nao","Nao");
insert into Estacao_BRT (ID_Est_BRT,Nome_Est_BRT,ID_Bairro,Flag_BRT_Ativo,BRT_Integra_Trem,BRT_Integra_Metro,BRT_Integra_Aeroporto) values (63,"Golfe Olimpico",29,"Sim","Nao","Nao","Nao");
insert into Estacao_BRT (ID_Est_BRT,Nome_Est_BRT,ID_Bairro,Flag_BRT_Ativo,BRT_Integra_Trem,BRT_Integra_Metro,BRT_Integra_Aeroporto) values (65,"Ana Gonzaga",49,"Sim","Nao","Nao","Nao");
insert into Estacao_BRT (ID_Est_BRT,Nome_Est_BRT,ID_Bairro,Flag_BRT_Ativo,BRT_Integra_Trem,BRT_Integra_Metro,BRT_Integra_Aeroporto) values (66,"Sao Jorge",49,"Sim","Nao","Nao","Nao");
insert into Estacao_BRT (ID_Est_BRT,Nome_Est_BRT,ID_Bairro,Flag_BRT_Ativo,BRT_Integra_Trem,BRT_Integra_Metro,BRT_Integra_Aeroporto) values (67,"Pina Rangel",49,"Sim","Nao","Nao","Nao");
insert into Estacao_BRT (ID_Est_BRT,Nome_Est_BRT,ID_Bairro,Flag_BRT_Ativo,BRT_Integra_Trem,BRT_Integra_Metro,BRT_Integra_Aeroporto) values (68,"Parque Esperanca",49,"Sim","Nao","Nao","Nao");
insert into Estacao_BRT (ID_Est_BRT,Nome_Est_BRT,ID_Bairro,Flag_BRT_Ativo,BRT_Integra_Trem,BRT_Integra_Metro,BRT_Integra_Aeroporto) values (69,"Candido Magalhaes",49,"Sim","Nao","Nao","Nao");
insert into Estacao_BRT (ID_Est_BRT,Nome_Est_BRT,ID_Bairro,Flag_BRT_Ativo,BRT_Integra_Trem,BRT_Integra_Metro,BRT_Integra_Aeroporto) values (70,"Prefeito Alim Pedro",49,"Sim","Nao","Nao","Nao");
insert into Estacao_BRT (ID_Est_BRT,Nome_Est_BRT,ID_Bairro,Flag_BRT_Ativo,BRT_Integra_Trem,BRT_Integra_Metro,BRT_Integra_Aeroporto) values (71,"Gramado",49,"Sim","Nao","Nao","Nao");
insert into Estacao_BRT (ID_Est_BRT,Nome_Est_BRT,ID_Bairro,Flag_BRT_Ativo,BRT_Integra_Trem,BRT_Integra_Metro,BRT_Integra_Aeroporto) values (72,"Santa Verediana",29,"Sim","Nao","Nao","Nao");
insert into Estacao_BRT (ID_Est_BRT,Nome_Est_BRT,ID_Bairro,Flag_BRT_Ativo,BRT_Integra_Trem,BRT_Integra_Metro,BRT_Integra_Aeroporto) values (73,"Gastao Rangel",29,"Sim","Nao","Nao","Nao");
insert into Estacao_BRT (ID_Est_BRT,Nome_Est_BRT,ID_Bairro,Flag_BRT_Ativo,BRT_Integra_Trem,BRT_Integra_Metro,BRT_Integra_Aeroporto) values (74,"Terminal Santa Cruz",47,"Sim","Sim","Nao","Nao");
insert into Estacao_BRT (ID_Est_BRT,Nome_Est_BRT,ID_Bairro,Flag_BRT_Ativo,BRT_Integra_Trem,BRT_Integra_Metro,BRT_Integra_Aeroporto) values (75,"Parque das Rosas",29,"Sim","Nao","Nao","Nao");
insert into Estacao_BRT (ID_Est_BRT,Nome_Est_BRT,ID_Bairro,Flag_BRT_Ativo,BRT_Integra_Trem,BRT_Integra_Metro,BRT_Integra_Aeroporto) values (76,"Cesarao",47,"Sim","Nao","Nao","Nao");
insert into Estacao_BRT (ID_Est_BRT,Nome_Est_BRT,ID_Bairro,Flag_BRT_Ativo,BRT_Integra_Trem,BRT_Integra_Metro,BRT_Integra_Aeroporto) values (77,"Cosmos",51,"Sim","Nao","Nao","Nao");
insert into Estacao_BRT (ID_Est_BRT,Nome_Est_BRT,ID_Bairro,Flag_BRT_Ativo,BRT_Integra_Trem,BRT_Integra_Metro,BRT_Integra_Aeroporto) values (78,"Recanto das Garcas",29,"Sim","Nao","Nao","Nao");
insert into Estacao_BRT (ID_Est_BRT,Nome_Est_BRT,ID_Bairro,Flag_BRT_Ativo,BRT_Integra_Trem,BRT_Integra_Metro,BRT_Integra_Aeroporto) values (79,"Dom Bosco",29,"Sim","Nao","Nao","Nao");
insert into Estacao_BRT (ID_Est_BRT,Nome_Est_BRT,ID_Bairro,Flag_BRT_Ativo,BRT_Integra_Trem,BRT_Integra_Metro,BRT_Integra_Aeroporto) values (80,"CTEx",29,"Sim","Nao","Nao","Nao");
insert into Estacao_BRT (ID_Est_BRT,Nome_Est_BRT,ID_Bairro,Flag_BRT_Ativo,BRT_Integra_Trem,BRT_Integra_Metro,BRT_Integra_Aeroporto) values (81,"Embrapa",29,"Sim","Nao","Nao","Nao");
insert into Estacao_BRT (ID_Est_BRT,Nome_Est_BRT,ID_Bairro,Flag_BRT_Ativo,BRT_Integra_Trem,BRT_Integra_Metro,BRT_Integra_Aeroporto) values (82,"Terminal Campo Grande",49,"Sim","Sim","Nao","Nao");
insert into Estacao_BRT (ID_Est_BRT,Nome_Est_BRT,ID_Bairro,Flag_BRT_Ativo,BRT_Integra_Trem,BRT_Integra_Metro,BRT_Integra_Aeroporto) values (83,"Nova Barra",29,"Sim","Nao","Nao","Nao");
insert into Estacao_BRT (ID_Est_BRT,Nome_Est_BRT,ID_Bairro,Flag_BRT_Ativo,BRT_Integra_Trem,BRT_Integra_Metro,BRT_Integra_Aeroporto) values (84,"Vendas de Varanda",29,"Sim","Nao","Nao","Nao");
insert into Estacao_BRT (ID_Est_BRT,Nome_Est_BRT,ID_Bairro,Flag_BRT_Ativo,BRT_Integra_Trem,BRT_Integra_Metro,BRT_Integra_Aeroporto) values (85,"Curral Falso",29,"Sim","Nao","Nao","Nao");
insert into Estacao_BRT (ID_Est_BRT,Nome_Est_BRT,ID_Bairro,Flag_BRT_Ativo,BRT_Integra_Trem,BRT_Integra_Metro,BRT_Integra_Aeroporto) values (86,"Cajueiros",29,"Sim","Nao","Nao","Nao");
insert into Estacao_BRT (ID_Est_BRT,Nome_Est_BRT,ID_Bairro,Flag_BRT_Ativo,BRT_Integra_Trem,BRT_Integra_Metro,BRT_Integra_Aeroporto) values (87,"Terminal Jd. Oceanico",29,"Sim","Nao","Sim","Nao");
insert into Estacao_BRT (ID_Est_BRT,Nome_Est_BRT,ID_Bairro,Flag_BRT_Ativo,BRT_Integra_Trem,BRT_Integra_Metro,BRT_Integra_Aeroporto) values (88,"Citta America",29,"Sim","Nao","Nao","Nao");
insert into Estacao_BRT (ID_Est_BRT,Nome_Est_BRT,ID_Bairro,Flag_BRT_Ativo,BRT_Integra_Trem,BRT_Integra_Metro,BRT_Integra_Aeroporto) values (89,"Porto dos Cabritos",29,"Sim","Nao","Nao","Nao");
insert into Estacao_BRT (ID_Est_BRT,Nome_Est_BRT,ID_Bairro,Flag_BRT_Ativo,BRT_Integra_Trem,BRT_Integra_Metro,BRT_Integra_Aeroporto) values (90,"Freeway",29,"Sim","Nao","Nao","Nao");
insert into Estacao_BRT (ID_Est_BRT,Nome_Est_BRT,ID_Bairro,Flag_BRT_Ativo,BRT_Integra_Trem,BRT_Integra_Metro,BRT_Integra_Aeroporto) values (91,"Riviera",29,"Sim","Nao","Nao","Nao");
insert into Estacao_BRT (ID_Est_BRT,Nome_Est_BRT,ID_Bairro,Flag_BRT_Ativo,BRT_Integra_Trem,BRT_Integra_Metro,BRT_Integra_Aeroporto) values (92,"Ricardo Marinho",29,"Sim","Nao","Nao","Nao");
insert into Estacao_BRT (ID_Est_BRT,Nome_Est_BRT,ID_Bairro,Flag_BRT_Ativo,BRT_Integra_Trem,BRT_Integra_Metro,BRT_Integra_Aeroporto) values (93,"Barra Shopping",29,"Sim","Nao","Nao","Nao");
insert into Estacao_BRT (ID_Est_BRT,Nome_Est_BRT,ID_Bairro,Flag_BRT_Ativo,BRT_Integra_Trem,BRT_Integra_Metro,BRT_Integra_Aeroporto) values (94,"Bosque da Barra",52,"Sim","Nao","Nao","Nao");
insert into Estacao_BRT (ID_Est_BRT,Nome_Est_BRT,ID_Bairro,Flag_BRT_Ativo,BRT_Integra_Trem,BRT_Integra_Metro,BRT_Integra_Aeroporto) values (95,"Novo Leblon",29,"Sim","Nao","Nao","Nao");
insert into Estacao_BRT (ID_Est_BRT,Nome_Est_BRT,ID_Bairro,Flag_BRT_Ativo,BRT_Integra_Trem,BRT_Integra_Metro,BRT_Integra_Aeroporto) values (96,"Americas Park",29,"Sim","Nao","Nao","Nao");
insert into Estacao_BRT (ID_Est_BRT,Nome_Est_BRT,ID_Bairro,Flag_BRT_Ativo,BRT_Integra_Trem,BRT_Integra_Metro,BRT_Integra_Aeroporto) values (97,"Santa Monica Jardins",29,"Sim","Nao","Nao","Nao");
insert into Estacao_BRT (ID_Est_BRT,Nome_Est_BRT,ID_Bairro,Flag_BRT_Ativo,BRT_Integra_Trem,BRT_Integra_Metro,BRT_Integra_Aeroporto) values (98,"Rio Mar",29,"Sim","Nao","Nao","Nao");
insert into Estacao_BRT (ID_Est_BRT,Nome_Est_BRT,ID_Bairro,Flag_BRT_Ativo,BRT_Integra_Trem,BRT_Integra_Metro,BRT_Integra_Aeroporto) values (99,"Interlagos",29,"Sim","Nao","Nao","Nao");
insert into Estacao_BRT (ID_Est_BRT,Nome_Est_BRT,ID_Bairro,Flag_BRT_Ativo,BRT_Integra_Trem,BRT_Integra_Metro,BRT_Integra_Aeroporto) values (100,"Pedra de Itauna",29,"Sim","Nao","Nao","Nao");
insert into Estacao_BRT (ID_Est_BRT,Nome_Est_BRT,ID_Bairro,Flag_BRT_Ativo,BRT_Integra_Trem,BRT_Integra_Metro,BRT_Integra_Aeroporto) values (101,"Pontoes/Barrasul",29,"Sim","Nao","Nao","Nao");
insert into Estacao_BRT (ID_Est_BRT,Nome_Est_BRT,ID_Bairro,Flag_BRT_Ativo,BRT_Integra_Trem,BRT_Integra_Metro,BRT_Integra_Aeroporto) values (102,"Salvador Allende",29,"Sim","Nao","Nao","Nao");
insert into Estacao_BRT (ID_Est_BRT,Nome_Est_BRT,ID_Bairro,Flag_BRT_Ativo,BRT_Integra_Trem,BRT_Integra_Metro,BRT_Integra_Aeroporto) values (103,"Gelson Fonseca",29,"Sim","Nao","Nao","Nao");
insert into Estacao_BRT (ID_Est_BRT,Nome_Est_BRT,ID_Bairro,Flag_BRT_Ativo,BRT_Integra_Trem,BRT_Integra_Metro,BRT_Integra_Aeroporto) values (104,"Guignard",29,"Sim","Nao","Nao","Nao");
insert into Estacao_BRT (ID_Est_BRT,Nome_Est_BRT,ID_Bairro,Flag_BRT_Ativo,BRT_Integra_Trem,BRT_Integra_Metro,BRT_Integra_Aeroporto) values (105,"Glaucio Gil",29,"Sim","Nao","Nao","Nao");
insert into Estacao_BRT (ID_Est_BRT,Nome_Est_BRT,ID_Bairro,Flag_BRT_Ativo,BRT_Integra_Trem,BRT_Integra_Metro,BRT_Integra_Aeroporto) values (106,"Benvindo de Novaes",29,"Sim","Nao","Nao","Nao");
insert into Estacao_BRT (ID_Est_BRT,Nome_Est_BRT,ID_Bairro,Flag_BRT_Ativo,BRT_Integra_Trem,BRT_Integra_Metro,BRT_Integra_Aeroporto) values (107,"Gilka Machado",29,"Sim","Nao","Nao","Nao");
insert into Estacao_BRT (ID_Est_BRT,Nome_Est_BRT,ID_Bairro,Flag_BRT_Ativo,BRT_Integra_Trem,BRT_Integra_Metro,BRT_Integra_Aeroporto) values (108,"Guiomar Novais",29,"Sim","Nao","Nao","Nao");
insert into Estacao_BRT (ID_Est_BRT,Nome_Est_BRT,ID_Bairro,Flag_BRT_Ativo,BRT_Integra_Trem,BRT_Integra_Metro,BRT_Integra_Aeroporto) values (109,"Recreio Shopping",29,"Sim","Nao","Nao","Nao");
insert into Estacao_BRT (ID_Est_BRT,Nome_Est_BRT,ID_Bairro,Flag_BRT_Ativo,BRT_Integra_Trem,BRT_Integra_Metro,BRT_Integra_Aeroporto) values (110,"Notre Dame",29,"Sim","Nao","Nao","Nao");
insert into Estacao_BRT (ID_Est_BRT,Nome_Est_BRT,ID_Bairro,Flag_BRT_Ativo,BRT_Integra_Trem,BRT_Integra_Metro,BRT_Integra_Aeroporto) values (111,"Pontal",29,"Sim","Nao","Nao","Nao");
insert into Estacao_BRT (ID_Est_BRT,Nome_Est_BRT,ID_Bairro,Flag_BRT_Ativo,BRT_Integra_Trem,BRT_Integra_Metro,BRT_Integra_Aeroporto) values (112,"Ilha de Guaratiba",53,"Sim","Nao","Nao","Nao");
insert into Estacao_BRT (ID_Est_BRT,Nome_Est_BRT,ID_Bairro,Flag_BRT_Ativo,BRT_Integra_Trem,BRT_Integra_Metro,BRT_Integra_Aeroporto) values (113,"Mato Alto",29,"Sim","Nao","Nao","Nao");
insert into Estacao_BRT (ID_Est_BRT,Nome_Est_BRT,ID_Bairro,Flag_BRT_Ativo,BRT_Integra_Trem,BRT_Integra_Metro,BRT_Integra_Aeroporto) values (114,"Magarca",29,"Sim","Nao","Nao","Nao");
insert into Estacao_BRT (ID_Est_BRT,Nome_Est_BRT,ID_Bairro,Flag_BRT_Ativo,BRT_Integra_Trem,BRT_Integra_Metro,BRT_Integra_Aeroporto) values (115,"Pingo Dagua",29,"Sim","Nao","Nao","Nao");
insert into Estacao_BRT (ID_Est_BRT,Nome_Est_BRT,ID_Bairro,Flag_BRT_Ativo,BRT_Integra_Trem,BRT_Integra_Metro,BRT_Integra_Aeroporto) values (116,"General Olimpo",29,"Sim","Nao","Nao","Nao");
insert into Estacao_BRT (ID_Est_BRT,Nome_Est_BRT,ID_Bairro,Flag_BRT_Ativo,BRT_Integra_Trem,BRT_Integra_Metro,BRT_Integra_Aeroporto) values (117,"Terminal Deodoro",37,"Sim","Sim","Nao","Nao");
insert into Estacao_BRT (ID_Est_BRT,Nome_Est_BRT,ID_Bairro,Flag_BRT_Ativo,BRT_Integra_Trem,BRT_Integra_Metro,BRT_Integra_Aeroporto) values (143,"Terminal Salvador Allende",29,"Sim","Nao","Nao","Nao");
insert into Estacao_BRT (ID_Est_BRT,Nome_Est_BRT,ID_Bairro,Flag_BRT_Ativo,BRT_Integra_Trem,BRT_Integra_Metro,BRT_Integra_Aeroporto) values (144,"Viva Viver",29,"Sim","Nao","Nao","Nao");
insert into Estacao_BRT (ID_Est_BRT,Nome_Est_BRT,ID_Bairro,Flag_BRT_Ativo,BRT_Integra_Trem,BRT_Integra_Metro,BRT_Integra_Aeroporto) values (145,"Tapebuias",29,"Sim","Nao","Nao","Nao");
insert into Estacao_BRT (ID_Est_BRT,Nome_Est_BRT,ID_Bairro,Flag_BRT_Ativo,BRT_Integra_Trem,BRT_Integra_Metro,BRT_Integra_Aeroporto) values (147,"Olof Palme",29,"Sim","Nao","Nao","Nao");
insert into Estacao_BRT (ID_Est_BRT,Nome_Est_BRT,ID_Bairro,Flag_BRT_Ativo,BRT_Integra_Trem,BRT_Integra_Metro,BRT_Integra_Aeroporto) values (148,"Riocentro",29,"Sim","Nao","Nao","Nao");
insert into Estacao_BRT (ID_Est_BRT,Nome_Est_BRT,ID_Bairro,Flag_BRT_Ativo,BRT_Integra_Trem,BRT_Integra_Metro,BRT_Integra_Aeroporto) values (149,"Morro do Outeiro",29,"Sim","Nao","Nao","Nao");
insert into Estacao_BRT (ID_Est_BRT,Nome_Est_BRT,ID_Bairro,Flag_BRT_Ativo,BRT_Integra_Trem,BRT_Integra_Metro,BRT_Integra_Aeroporto) values (150,"Terminal Centro Olimpico",29,"Sim","Nao","Nao","Nao");
insert into Estacao_BRT (ID_Est_BRT,Nome_Est_BRT,ID_Bairro,Flag_BRT_Ativo,BRT_Integra_Trem,BRT_Integra_Metro,BRT_Integra_Aeroporto) values (151,"Minha Praia",29,"Sim","Nao","Nao","Nao");
insert into Estacao_BRT (ID_Est_BRT,Nome_Est_BRT,ID_Bairro,Flag_BRT_Ativo,BRT_Integra_Trem,BRT_Integra_Metro,BRT_Integra_Aeroporto) values (153,"Hospital Raphael de P. S.",40,"Sim","Nao","Nao","Nao");
insert into Estacao_BRT (ID_Est_BRT,Nome_Est_BRT,ID_Bairro,Flag_BRT_Ativo,BRT_Integra_Trem,BRT_Integra_Metro,BRT_Integra_Aeroporto) values (154,"Curicica",41,"Sim","Nao","Nao","Nao");
insert into Estacao_BRT (ID_Est_BRT,Nome_Est_BRT,ID_Bairro,Flag_BRT_Ativo,BRT_Integra_Trem,BRT_Integra_Metro,BRT_Integra_Aeroporto) values (155,"Colonia",40,"Sim","Nao","Nao","Nao");
insert into Estacao_BRT (ID_Est_BRT,Nome_Est_BRT,ID_Bairro,Flag_BRT_Ativo,BRT_Integra_Trem,BRT_Integra_Metro,BRT_Integra_Aeroporto) values (156,"Outeiro Santo",40,"Sim","Nao","Nao","Nao");
insert into Estacao_BRT (ID_Est_BRT,Nome_Est_BRT,ID_Bairro,Flag_BRT_Ativo,BRT_Integra_Trem,BRT_Integra_Metro,BRT_Integra_Aeroporto) values (157,"Boiuna",38,"Sim","Nao","Nao","Nao");
insert into Estacao_BRT (ID_Est_BRT,Nome_Est_BRT,ID_Bairro,Flag_BRT_Ativo,BRT_Integra_Trem,BRT_Integra_Metro,BRT_Integra_Aeroporto) values (158,"Marechal Fontenelle",54,"Sim","Nao","Nao","Nao");
insert into Estacao_BRT (ID_Est_BRT,Nome_Est_BRT,ID_Bairro,Flag_BRT_Ativo,BRT_Integra_Trem,BRT_Integra_Metro,BRT_Integra_Aeroporto) values (159,"Marechal Mallet",54,"Sim","Nao","Nao","Nao");
insert into Estacao_BRT (ID_Est_BRT,Nome_Est_BRT,ID_Bairro,Flag_BRT_Ativo,BRT_Integra_Trem,BRT_Integra_Metro,BRT_Integra_Aeroporto) values (160,"Magalhaes Bastos",55,"Sim","Nao","Nao","Nao");
insert into Estacao_BRT (ID_Est_BRT,Nome_Est_BRT,ID_Bairro,Flag_BRT_Ativo,BRT_Integra_Trem,BRT_Integra_Metro,BRT_Integra_Aeroporto) values (161,"Vila Militar",56,"Sim","Sim","Nao","Nao");
insert into Estacao_BRT (ID_Est_BRT,Nome_Est_BRT,ID_Bairro,Flag_BRT_Ativo,BRT_Integra_Trem,BRT_Integra_Metro,BRT_Integra_Aeroporto) values (163,"Terminal Sulacap",56,"Sim","Nao","Nao","Nao");
insert into Estacao_Linha_BRT values (1,3);
insert into Estacao_Linha_BRT values (2,3);
insert into Estacao_Linha_BRT values (3,3);
insert into Estacao_Linha_BRT values (4,3);
insert into Estacao_Linha_BRT values (5,3);
insert into Estacao_Linha_BRT values (6,3);
insert into Estacao_Linha_BRT values (7,3);
insert into Estacao_Linha_BRT values (8,3);
insert into Estacao_Linha_BRT values (9,3);
insert into Estacao_Linha_BRT values (10,3);
insert into Estacao_Linha_BRT values (11,3);
insert into Estacao_Linha_BRT values (12,3);
insert into Estacao_Linha_BRT values (13,3);
insert into Estacao_Linha_BRT values (14,3);
insert into Estacao_Linha_BRT values (15,3);
insert into Estacao_Linha_BRT values (16,3);
insert into Estacao_Linha_BRT values (17,3);
insert into Estacao_Linha_BRT values (18,3);
insert into Estacao_Linha_BRT values (19,3);
insert into Estacao_Linha_BRT values (20,3);
insert into Estacao_Linha_BRT values (21,3);
insert into Estacao_Linha_BRT values (22,3);
insert into Estacao_Linha_BRT values (23,3);
insert into Estacao_Linha_BRT values (24,3);
insert into Estacao_Linha_BRT values (25,3);
insert into Estacao_Linha_BRT values (26,3);
insert into Estacao_Linha_BRT values (27,3);
insert into Estacao_Linha_BRT values (28,3);
insert into Estacao_Linha_BRT values (29,3);
insert into Estacao_Linha_BRT values (30,3);
insert into Estacao_Linha_BRT values (31,3);
insert into Estacao_Linha_BRT values (32,3);
insert into Estacao_Linha_BRT values (33,3);
insert into Estacao_Linha_BRT values (34,3);
insert into Estacao_Linha_BRT values (35,3);
insert into Estacao_Linha_BRT values (36,3);
insert into Estacao_Linha_BRT values (37,3);
insert into Estacao_Linha_BRT values (38,3);
insert into Estacao_Linha_BRT values (39,3);
insert into Estacao_Linha_BRT values (40,3);
insert into Estacao_Linha_BRT values (41,3);
insert into Estacao_Linha_BRT values (42,3);
insert into Estacao_Linha_BRT values (43,3);
insert into Estacao_Linha_BRT values (44,3);
insert into Estacao_Linha_BRT values (45,3);
insert into Estacao_Linha_BRT values (46,3);
insert into Estacao_Linha_BRT values (47,3);
insert into Estacao_Linha_BRT values (48,3);
insert into Estacao_Linha_BRT values (49,3);
insert into Estacao_Linha_BRT values (50,3);
insert into Estacao_Linha_BRT values (50,1);
insert into Estacao_Linha_BRT values (51,1);
insert into Estacao_Linha_BRT values (52,1);
insert into Estacao_Linha_BRT values (53,1);
insert into Estacao_Linha_BRT values (54,1);
insert into Estacao_Linha_BRT values (55,1);
insert into Estacao_Linha_BRT values (56,1);
insert into Estacao_Linha_BRT values (57,1);
insert into Estacao_Linha_BRT values (58,1);
insert into Estacao_Linha_BRT values (59,1);
insert into Estacao_Linha_BRT values (60,1);
insert into Estacao_Linha_BRT values (61,1);
insert into Estacao_Linha_BRT values (62,1);
insert into Estacao_Linha_BRT values (63,1);
insert into Estacao_Linha_BRT values (65,1);
insert into Estacao_Linha_BRT values (66,1);
insert into Estacao_Linha_BRT values (67,1);
insert into Estacao_Linha_BRT values (68,1);
insert into Estacao_Linha_BRT values (69,1);
insert into Estacao_Linha_BRT values (70,1);
insert into Estacao_Linha_BRT values (71,1);
insert into Estacao_Linha_BRT values (72,1);
insert into Estacao_Linha_BRT values (73,1);
insert into Estacao_Linha_BRT values (74,1);
insert into Estacao_Linha_BRT values (75,1);
insert into Estacao_Linha_BRT values (76,1);
insert into Estacao_Linha_BRT values (77,1);
insert into Estacao_Linha_BRT values (78,1);
insert into Estacao_Linha_BRT values (79,1);
insert into Estacao_Linha_BRT values (80,1);
insert into Estacao_Linha_BRT values (81,1);
insert into Estacao_Linha_BRT values (82,1);
insert into Estacao_Linha_BRT values (83,1);
insert into Estacao_Linha_BRT values (84,1);
insert into Estacao_Linha_BRT values (85,1);
insert into Estacao_Linha_BRT values (86,1);
insert into Estacao_Linha_BRT values (87,1);
insert into Estacao_Linha_BRT values (88,1);
insert into Estacao_Linha_BRT values (89,1);
insert into Estacao_Linha_BRT values (90,1);
insert into Estacao_Linha_BRT values (91,1);
insert into Estacao_Linha_BRT values (92,1);
insert into Estacao_Linha_BRT values (93,1);
insert into Estacao_Linha_BRT values (94,1);
insert into Estacao_Linha_BRT values (95,1);
insert into Estacao_Linha_BRT values (96,1);
insert into Estacao_Linha_BRT values (97,1);
insert into Estacao_Linha_BRT values (98,1);
insert into Estacao_Linha_BRT values (99,1);
insert into Estacao_Linha_BRT values (100,1);
insert into Estacao_Linha_BRT values (101,1);
insert into Estacao_Linha_BRT values (102,1);
insert into Estacao_Linha_BRT values (103,1);
insert into Estacao_Linha_BRT values (104,1);
insert into Estacao_Linha_BRT values (105,1);
insert into Estacao_Linha_BRT values (106,1);
insert into Estacao_Linha_BRT values (107,1);
insert into Estacao_Linha_BRT values (108,1);
insert into Estacao_Linha_BRT values (109,1);
insert into Estacao_Linha_BRT values (110,1);
insert into Estacao_Linha_BRT values (111,1);
insert into Estacao_Linha_BRT values (112,1);
insert into Estacao_Linha_BRT values (113,1);
insert into Estacao_Linha_BRT values (114,1);
insert into Estacao_Linha_BRT values (115,1);
insert into Estacao_Linha_BRT values (116,1);
insert into Estacao_Linha_BRT values (117,2);
insert into Estacao_Linha_BRT values (143,2);
insert into Estacao_Linha_BRT values (144,2);
insert into Estacao_Linha_BRT values (145,2);
insert into Estacao_Linha_BRT values (147,2);
insert into Estacao_Linha_BRT values (148,2);
insert into Estacao_Linha_BRT values (149,2);
insert into Estacao_Linha_BRT values (150,2);
insert into Estacao_Linha_BRT values (151,2);
insert into Estacao_Linha_BRT values (153,2);
insert into Estacao_Linha_BRT values (154,2);
insert into Estacao_Linha_BRT values (155,2);
insert into Estacao_Linha_BRT values (156,2);
insert into Estacao_Linha_BRT values (157,2);
insert into Estacao_Linha_BRT values (158,2);
insert into Estacao_Linha_BRT values (159,2);
insert into Estacao_Linha_BRT values (160,2);
insert into Estacao_Linha_BRT values (161,2);
insert into Estacao_Linha_BRT values (163,2);
